{
  "runs": [
    {
      "experiment": "ct_burgers",
      "seed": 1234,
      "error": 0.0175872510522013,
      "paper_error": 0.00067,
      "absolute_delta": 0.0169172510522013,
      "relative_ratio": 26.249628436121345,
      "train_history": {
        "adam_losses": [],
        "lbfgs_seconds": 59.60717463493347,
        "lbfgs_result": {
          "success": true,
          "status": 0,
          "message": "CONVERGENCE: RELATIVE REDUCTION OF F <= FACTR*EPSMCH",
          "nit": 4413,
          "nfev": 4942,
          "fun": 1.3069719898339827e-05
        }
      },
      "config": {
        "n_u": 100,
        "n_f": 10000,
        "hidden_layers": 8,
        "width": 20
      }
    }
  ],
  "summary": {
    "count": 1,
    "mean_error": 0.0175872510522013,
    "std_error": 0.0,
    "min_error": 0.0175872510522013,
    "max_error": 0.0175872510522013,
    "paper_error": 0.00067,
    "mean_over_paper": 26.249628436121345
  }
}