{
  "seed": 1234,
  "table_1": [
    [
      0.9266273848990738,
      0.8963474828878012,
      0.8718519321619786,
      0.9326856621035039,
      1.0403232493844592,
      0.8324238745406607
    ],
    [
      0.9141883265364448,
      0.8554508916894875,
      0.9351386917217887,
      0.8546434689160123,
      0.8896815141922174,
      0.9696346371065373
    ],
    [
      0.8731796456522856,
      0.9059744562067952,
      0.8674476452229913,
      0.9123368700199783,
      0.8885640730482984,
      0.9009041300772519
    ],
    [
      1.0058283165892101,
      0.8114944986009309,
      0.8705931695240079,
      0.8720207236884487,
      0.9561829477749441,
      0.8847556240962546
    ],
    [
      0.8730892817790085,
      0.9596194828067317,
      0.8847569859602069,
      0.8932514889157022,
      0.9026709553068891,
      0.8920358866522989
    ],
    [
      0.8791334023637121,
      0.8773556810097098,
      0.8909515479347017,
      0.8843078941904697,
      0.8640982177786624,
      0.9332684548615817
    ]
  ],
  "table_2": [
    [
      0.8891954682183466,
      0.8893273896338352,
      0.8853974725301752
    ],
    [
      0.8889187111101567,
      0.8834776182994244,
      0.885275417548304
    ],
    [
      0.8953485770715951,
      0.8678705693013449,
      0.9111022048152757
    ],
    [
      0.9386166504154895,
      0.8894226292401572,
      0.8938616149807445
    ]
  ],
  "paper_table_1": [
    [
      0.29,
      0.44,
      0.89,
      1.2,
      0.099,
      0.042
    ],
    [
      0.065,
      0.011,
      0.5,
      0.0096,
      0.46,
      0.075
    ],
    [
      0.36,
      0.012,
      0.17,
      0.0059,
      0.0019,
      0.0082
    ],
    [
      0.0055,
      0.001,
      0.0032,
      0.0078,
      0.049,
      0.0045
    ],
    [
      0.066,
      0.27,
      0.0072,
      0.00068,
      0.0022,
      0.00067
    ],
    [
      0.15,
      0.0023,
      0.00082,
      0.00089,
      0.00061,
      0.00049
    ]
  ],
  "paper_table_2": [
    [
      0.074,
      0.053,
      0.1
    ],
    [
      0.003,
      0.00094,
      0.00064
    ],
    [
      0.0096,
      0.0013,
      0.00061
    ],
    [
      0.0025,
      0.00096,
      0.00056
    ]
  ],
  "table_1_abs_diff_mean": 0.7711467585463908,
  "table_2_abs_diff_mean": 0.8725586935970707,
  "maxiter": 5,
  "maxfun": 5
}