{
  "seed": 1234,
  "table_1": [
    [
      0.16559604914221848,
      0.04012258507476482,
      0.1970517451859757,
      0.072300772936469,
      0.7014702940681372,
      0.632621189398429
    ],
    [
      0.158690666825361,
      0.08957570583971312,
      0.1721620557714046,
      0.04390851728766681,
      0.14225566452410324,
      0.06476113769257177
    ],
    [
      0.1754433407558294,
      0.0006200411499134751,
      0.11200174972411975,
      0.05469183773335097,
      0.04005663783241944,
      0.0038337627420284856
    ],
    [
      0.02032876258989812,
      0.0033519974044102026,
      0.001245283457377016,
      0.014977807653041497,
      0.001973936259929992,
      0.01346282961020784
    ],
    [
      0.05408475682264488,
      0.0009196096722006419,
      0.0009473257204373895,
      0.0023197015770398005,
      0.0027089461295152846,
      0.006633384207215601
    ],
    [
      0.0029062439114612266,
      0.0014190153955075397,
      0.0007762818645212255,
      0.002971636470118658,
      0.0013889247924128646,
      0.0008255090695497712
    ]
  ],
  "table_2": [
    [
      0.35150451769727514,
      0.20674369948866234,
      0.1962578187107007
    ],
    [
      0.02464844931496568,
      0.012306295700534091,
      0.012515862658469011
    ],
    [
      0.020508381879526832,
      0.006902805167802489,
      0.006863849690160031
    ],
    [
      0.01069248858742586,
      0.006633384207215601,
      0.0011748932761133529
    ]
  ],
  "paper_table_1": [
    [
      0.29,
      0.44,
      0.89,
      1.2,
      0.099,
      0.042
    ],
    [
      0.065,
      0.011,
      0.5,
      0.0096,
      0.46,
      0.075
    ],
    [
      0.36,
      0.012,
      0.17,
      0.0059,
      0.0019,
      0.0082
    ],
    [
      0.0055,
      0.001,
      0.0032,
      0.0078,
      0.049,
      0.0045
    ],
    [
      0.066,
      0.27,
      0.0072,
      0.00068,
      0.0022,
      0.00067
    ],
    [
      0.15,
      0.0023,
      0.00082,
      0.00089,
      0.00061,
      0.00049
    ]
  ],
  "paper_table_2": [
    [
      0.074,
      0.053,
      0.1
    ],
    [
      0.003,
      0.00094,
      0.00064
    ],
    [
      0.0096,
      0.0013,
      0.00061
    ],
    [
      0.0025,
      0.00096,
      0.00056
    ]
  ],
  "table_1_abs_diff_mean": 0.14651508307458358,
  "table_2_abs_diff_mean": 0.050803537198237596
}