{
  "seed": 1234,
  "table_1": [
    [
      0.1693381280829499,
      0.0869310742060681,
      0.09538252859359019,
      0.007967452001877352,
      0.6432304656728068,
      0.12101678503675593
    ],
    [
      0.17475507225416242,
      0.26972835178167626,
      0.1860794410438634,
      0.03906495573400185,
      0.18067845054510132,
      0.08027797470246249
    ],
    [
      0.03592434566969483,
      0.07105413510218203,
      0.2646762027229862,
      0.03769041880211283,
      0.01288042301260481,
      0.002555938485058046
    ],
    [
      0.06523832900980388,
      0.0016321515912438344,
      0.0041403539912524875,
      0.023000685443166743,
      0.00381891572285108,
      0.004371009515243782
    ],
    [
      0.12002381496951083,
      0.004823107662171985,
      0.018732369983921502,
      0.0012632130665408247,
      0.008990261429395508,
      0.023770602274873365
    ],
    [
      0.12196604678645379,
      0.0010030173862576456,
      0.0014560243694449902,
      0.03158762847181894,
      0.0011184754253033104,
      0.005398336527240895
    ]
  ],
  "table_2": [
    [
      0.355645293795597,
      0.17737255086298645,
      0.12756377612299571
    ],
    [
      0.020466422375243723,
      0.037256885813157455,
      0.020787014896062574
    ],
    [
      0.022231849182705442,
      0.008139224587703582,
      0.014225982478630076
    ],
    [
      0.012943519016288827,
      0.005092313747830763,
      0.0031231829437874544
    ]
  ],
  "paper_table_1": [
    [
      0.29,
      0.44,
      0.89,
      1.2,
      0.099,
      0.042
    ],
    [
      0.065,
      0.011,
      0.5,
      0.0096,
      0.46,
      0.075
    ],
    [
      0.36,
      0.012,
      0.17,
      0.0059,
      0.0019,
      0.0082
    ],
    [
      0.0055,
      0.001,
      0.0032,
      0.0078,
      0.049,
      0.0045
    ],
    [
      0.066,
      0.27,
      0.0072,
      0.00068,
      0.0022,
      0.00067
    ],
    [
      0.15,
      0.0023,
      0.00082,
      0.00089,
      0.00061,
      0.00049
    ]
  ],
  "paper_table_2": [
    [
      0.074,
      0.053,
      0.1
    ],
    [
      0.003,
      0.00094,
      0.00064
    ],
    [
      0.0096,
      0.0013,
      0.00061
    ],
    [
      0.0025,
      0.00096,
      0.00056
    ]
  ],
  "table_1_abs_diff_mean": 0.14320632154650242,
  "table_2_abs_diff_mean": 0.046478167985249084,
  "maxiter": 50000,
  "maxfun": 50000
}