{
  "runs": [
    {
      "experiment": "ct_burgers",
      "seed": 1234,
      "error": 0.006633384207215601,
      "paper_error": 0.00067,
      "absolute_delta": 0.005963384207215601,
      "relative_ratio": 9.900573443605374,
      "train_history": {
        "adam_losses": [],
        "lbfgs_seconds": 161.37018609046936,
        "lbfgs_result": {
          "success": true,
          "status": 0,
          "message": "CONVERGENCE: RELATIVE REDUCTION OF F <= FACTR*EPSMCH",
          "nit": 4724,
          "nfev": 5266,
          "fun": 7.30347119315411e-06
        }
      },
      "config": {
        "n_u": 100,
        "n_f": 10000,
        "hidden_layers": 8,
        "width": 20
      }
    },
    {
      "experiment": "ct_burgers",
      "seed": 1235,
      "error": 0.0023150482245111507,
      "paper_error": 0.00067,
      "absolute_delta": 0.0016450482245111506,
      "relative_ratio": 3.4552958574793293,
      "train_history": {
        "adam_losses": [],
        "lbfgs_seconds": 250.4240641593933,
        "lbfgs_result": {
          "success": true,
          "status": 0,
          "message": "CONVERGENCE: RELATIVE REDUCTION OF F <= FACTR*EPSMCH",
          "nit": 7138,
          "nfev": 7960,
          "fun": 4.401143087306991e-06
        }
      },
      "config": {
        "n_u": 100,
        "n_f": 10000,
        "hidden_layers": 8,
        "width": 20
      }
    },
    {
      "experiment": "ct_burgers",
      "seed": 1236,
      "error": 0.005451927437299009,
      "paper_error": 0.00067,
      "absolute_delta": 0.0047819274372990096,
      "relative_ratio": 8.137205130297028,
      "train_history": {
        "adam_losses": [],
        "lbfgs_seconds": 132.28892469406128,
        "lbfgs_result": {
          "success": true,
          "status": 0,
          "message": "CONVERGENCE: RELATIVE REDUCTION OF F <= FACTR*EPSMCH",
          "nit": 3853,
          "nfev": 4259,
          "fun": 3.520196287354338e-06
        }
      },
      "config": {
        "n_u": 100,
        "n_f": 10000,
        "hidden_layers": 8,
        "width": 20
      }
    }
  ],
  "summary": {
    "count": 3,
    "mean_error": 0.004800119956341921,
    "std_error": 0.0018222049206119716,
    "min_error": 0.0023150482245111507,
    "max_error": 0.006633384207215601,
    "paper_error": 0.00067,
    "mean_over_paper": 7.164358143793912
  }
}