{
  "seed": 1234,
  "table_3": [
    [
      0.07389412834784567,
      0.02885753065132373,
      0.005426723700277596
    ],
    [
      0.0020284400044631927,
      0.00451672232398871,
      0.0010595220658785676
    ],
    [
      0.0025485929874103797,
      0.0007509238799525139,
      0.0003427997354667561
    ]
  ],
  "table_4": [
    [
      0.034804377910006,
      0.10983747335205098,
      0.22838119453562103,
      0.375449295408263
    ],
    [
      0.005474701568782732,
      0.050454428778124484,
      0.16269560537454353,
      0.3355886728628977
    ],
    [
      0.0005507301380431894,
      0.025315816510078967,
      0.05008888901034269,
      0.0572145358968573
    ],
    [
      0.00035917132620585815,
      0.001817585047787321,
      0.007857629498004951,
      0.00520056541037723
    ],
    [
      0.0004288475799593125,
      0.0003317819683884029,
      0.0004155545416528216,
      0.0011594464336591433
    ],
    [
      0.00028074463907587163,
      0.00027203997810150866,
      0.00027468197482074445,
      0.0010134946270593098
    ],
    [
      0.0004039484091794635,
      0.0002076020821599882,
      0.0003191455645381364,
      0.0005406279608333793
    ],
    [
      0.0003989619847917494,
      0.00034234599898988943,
      0.0005314263440432732,
      0.00025908303699039513
    ],
    [
      0.0001908221717659375,
      0.00038131154859305885,
      0.00037376955630092474,
      0.0003427997354667561
    ]
  ],
  "paper_table_3": [
    [
      0.041,
      0.041,
      0.15
    ],
    [
      0.0027,
      0.005,
      0.0024
    ],
    [
      0.0036,
      0.0019,
      0.00095
    ]
  ],
  "paper_table_4": [
    [
      0.035,
      0.11,
      0.23,
      0.38
    ],
    [
      0.0054,
      0.051,
      0.093,
      0.22
    ],
    [
      0.0012,
      0.015,
      0.036,
      0.054
    ],
    [
      0.00067,
      0.0018,
      0.0087,
      0.058
    ],
    [
      0.00051,
      0.076,
      0.00084,
      0.0011
    ],
    [
      0.00074,
      0.00052,
      0.00042,
      0.0007
    ],
    [
      0.00045,
      0.00048,
      0.0012,
      0.00078
    ],
    [
      0.00051,
      0.00057,
      0.018,
      0.0012
    ],
    [
      0.00041,
      0.00038,
      0.00042,
      0.00082
    ]
  ],
  "table_3_abs_diff_mean": 0.02165698588878713,
  "table_4_abs_diff_mean": 0.010361139138801292
}